Variables,Relative Influence
salaries,83.0005951199628
fte_employees_on_payroll,5.826782770873351
total_assets,3.60538541471561
total_discharges,2.673511333523724
total_income,1.757981624575952
provider_bin_Specialized,0.8658885039573819
inpatients,0.7121837121154888
total_days,0.5701790967005778
number_of_beds,0.5408743730251424
rural,0.19346875231405938
control_bin_Governmental,0.11757509401020119
control_bin_Proprietary,0.07712193347477354
duplicate,0.05845227075094776
